model_name,bart_large_german,bert_extractive,mt5_base,mt5_small
wav2vec2_facebook_original,0.0,0.737707147494705,0.14570225012677346,0.12056607276439373
wav2vec2_jonatasgrosman,0.0,0.7247914529492885,0.142358030040944,0.12996691453560022
whisper_base,0.0,0.6868960596297209,0.1286879407781047,0.07864583955915225
whisper_small,0.0,0.7132398805463553,0.13633702093209824,0.10452063747601517
whisper_tiny,0.0,0.6520202516497157,0.14814654627258095,0.06957473890536078
